,model,accuracy
0,Logistic Regression,0.8916601714731099
1,Decision Tree,0.8195635229929852
2,KNN,0.8803585346843336
3,SVC,0.8901013250194856
4,Naive Bayes,0.8226812159002338
